V_ce,CaseTemp,CycleCount
1.7202857138749998,89.91524716981046,1
1.72114285675,89.9230415094362,2
1.721999999625,89.93083584906196,3
1.7228571425,89.93863018868771,4
1.723714285375,89.94642452831346,5
1.72457142825,89.9542188679392,6
1.7254285711250001,89.96201320756497,7
1.726285714,89.96980754719071,8
1.726438095,89.97760188681646,9
1.7265904760000002,89.9853962264422,10
1.726742857,89.99319056606797,11
1.726895238,90.0027619048535,12
1.7270476190000001,90.02461904770439,13
1.7272,90.0464761905553,14
1.727352381,90.06833333340619,15
1.7275047620000001,90.09019047625709,16
1.727657143,90.11204761910798,17
1.727809524,90.13390476195889,18
1.7279619050000001,90.15576190480978,19
1.728114286,90.17761904766068,20
1.728266667,90.19947619051158,21
1.7284190480000001,90.22133333336248,22
1.728571429,90.24319047621337,23
1.7277551024285716,90.26504761906428,24
1.7269387758571428,90.28690476191517,25
1.7261224492857143,90.31660150377111,26
1.7253061227142859,90.35801503760338,27
1.7244897961428571,90.39942857143566,28
1.7236734695714286,90.44084210526795,29
1.7228571430000001,90.48225563910023,30
1.7220408164285714,90.52366917293251,31
1.721224489857143,90.5650827067648,32
1.7204081632857142,90.60649624059708,33
1.7195918367142857,90.64790977442937,34
1.7187755101428572,90.68932330826165,35
1.7179591835714285,90.73073684209393,36
1.717142857,90.77215037592622,37
1.7180571427333333,90.8135639097585,38
1.7189714284666666,90.85497744359078,39
1.7198857142,90.89639097742307,40
1.7207999999333334,90.91915428570165,41
1.7217142856666667,90.94013714284219,42
1.7226285714,90.96111999998271,43
1.7235428571333333,90.98210285712325,44
1.7244571428666666,91.00308571426378,45
1.7253714286,91.0240685714043,46
1.7262857143333332,91.04505142854484,47
1.7272000000666665,91.06603428568536,48
1.7281142858,91.0870171428259,49
1.7290285715333333,91.10799999996642,50
1.7299428572666666,91.12898285710696,51
1.730857143,91.14996571424749,52
1.7288761905999999,91.17094857138802,53
1.7268952382,91.19193142852855,54
1.7249142858,91.21291428566909,55
1.7229333333999999,91.23389714280961,56
1.720952381,91.25487999995015,57
1.7189714286,91.27586285709067,58
1.7169904762,91.29684571423121,59
1.7150095238,91.29204081634832,60
1.7130285714,91.28267346940638,61
1.711047619,91.27330612246442,62
1.7090666666,91.26393877552248,63
1.7070857142,91.25457142858053,64
1.7051047618,91.24520408163858,65
1.7031238094,91.23583673469663,66
1.701142857,91.22646938775468,67
1.7049523808333333,91.21710204081273,68
1.7087619046666667,91.20773469387079,69
1.7125714285,91.20761904766069,70
1.7163809523333333,91.25133333336248,71
1.7201904761666666,91.29504761906428,72
1.724,91.33876190476607,73
1.7222857142499999,91.38247619046787,74
1.7205714285,91.42619047616967,75
1.71885714275,91.46990476187146,76
1.717142857,91.51361904757326,77
1.71542857125,91.55733333327505,78
1.7137142855,91.60104761897685,79
1.71199999975,91.64476190467865,80
1.7102857139999998,91.68847619038044,81
1.70857142825,91.73219047608224,82
1.7068571424999999,91.77590476178403,83
1.70514285675,91.81961904748583,84
1.703428571,91.86333333318763,85
1.70514285675,91.90704761888942,86
1.7068571424999999,91.95076190459122,87
1.70857142825,91.994476190293,88
1.7102857139999998,92.01041558438705,89
1.71199999975,92.02233766233415,90
1.7137142855,92.03425974028126,91
1.71542857125,92.04618181822835,92
1.717142857,92.05810389617545,93
1.71885714275,92.07002597412254,94
1.7205714285,92.08194805206965,95
1.7222857142499999,92.09387013001674,96
1.724,92.10579220796384,97
1.7222040816428572,92.11771428591094,98
1.7204081632857142,92.12963636385804,99
1.7186122449285715,92.14155844180515,100
1.7168163265714285,92.15348051975224,101
1.7150204082142857,92.16540259769934,102
1.7132244898571427,92.17732467564643,103
1.7114285715,92.18924675359354,104
1.7096326531428572,92.20116883154063,105
1.7078367347857142,92.21309090948773,106
1.7060408164285714,92.22501298743484,107
1.7042448980714284,92.23693506538193,108
1.7024489797142857,92.24885714332903,109
1.7006530613571427,92.26077922127612,110
1.698857143,92.27270129922323,111
1.698857143,92.28462337717032,112
1.698857143,92.29654545511742,113
1.698857143,92.31927093724426,114
1.698857143,92.34640394212171,115
1.698857143,92.37353694699917,116
1.698857143,92.40066995187664,117
1.698857143,92.42780295675409,118
1.698857143,92.45493596163155,119
1.698857143,92.482068966509,120
1.698857143,92.50920197138646,121
1.698857143,92.53633497626392,122
1.698857143,92.56346798114137,123
1.6996190477777777,92.59060098601883,124
1.7003809525555555,92.61773399089628,125
1.7011428573333334,92.64486699577374,126
1.7019047621111112,92.6720000006512,127
1.7026666668888888,92.69913300552865,128
1.7034285716666666,92.7262660104061,129
1.7041904764444444,92.75339901528356,130
1.7049523812222223,92.78053202016102,131
1.705714286,92.80766502503847,132
1.7071932775882355,92.83479802991593,133
1.7086722691764706,92.86193103479339,134
1.710151260764706,92.88906403967084,135
1.7116302523529412,92.90252534566275,136
1.7131092439411766,92.90675576041406,137
1.7145882355294118,92.91098617516535,138
1.7160672271176471,92.91521658991665,139
1.7175462187058823,92.91944700466796,140
1.7190252102941177,92.92367741941925,141
1.7205042018823529,92.92790783417055,142
1.7219831934705883,92.93213824892186,143
1.7234621850588234,92.93636866367315,144
1.7249411766470588,92.94059907842446,145
1.726420168235294,92.94482949317576,146
1.7278991598235294,92.94905990792705,147
1.7293781514117645,92.95329032267836,148
1.730857143,92.95752073742966,149
1.7285714287142857,92.96175115218095,150
1.7262857144285713,92.96598156693226,151
1.724000000142857,92.97021198168356,152
1.7217142858571428,92.97444239643485,153
1.7194285715714286,92.97867281118616,154
1.7171428572857141,92.98290322593746,155
1.714857143,92.98713364068875,156
1.7145714286875,92.99136405544006,157
1.7142857143749999,92.99559447019136,158
1.7140000000625,92.99982488494265,159
1.71371428575,93.00919860660011,160
1.7134285714375,93.01879442540246,161
1.713142857125,93.02839024420483,162
1.7128571428125,93.03798606300718,163
1.7125714285,93.04758188180953,164
1.7122857141875,93.0571777006119,165
1.711999999875,93.06677351941426,166
1.7117142855625,93.07636933821661,167
1.71142857125,93.08596515701898,168
1.7111428569375,93.09556097582133,169
1.710857142625,93.1051567946237,170
1.7105714283125,93.11475261342605,171
1.710285714,93.1243484322284,172
1.7112857140000002,93.13394425103077,173
1.712285714,93.14354006983312,174
1.713285714,93.15313588863548,175
1.714285714,93.16273170743784,176
1.7152857140000002,93.1723275262402,177
1.716285714,93.18192334504255,178
1.717285714,93.19151916384492,179
1.718285714,93.20111498264727,180
1.7192857140000002,93.21071080144964,181
1.720285714,93.22030662025199,182
1.721285714,93.22990243905434,183
1.722285714,93.23949825785671,184
1.7232857140000002,93.24909407665906,185
1.724285714,93.25868989546142,186
1.725285714,93.26828571426378,187
1.726285714,93.27788153306614,188
1.7232380950000001,93.28747735186849,189
1.720190476,93.29707317067086,190
1.717142857,93.30651020402667,191
1.714095238,93.31587755097739,192
1.711047619,93.32524489792812,193
1.708,93.33461224487884,194
1.7078730158888888,93.34397959182957,195
1.7077460317777777,93.35334693878029,196
1.7076190476666666,93.36271428573102,197
1.7074920635555555,93.37208163268174,198
1.7073650794444444,93.38144897963245,199
1.7072380953333333,93.39081632658318,200
1.7071111112222221,93.4001836735339,201
1.706984127111111,93.40955102048463,202
1.7068571430000001,93.41891836743535,203
1.706730158888889,93.42828571438608,204
1.706603174777778,93.4376530613368,205
1.7064761906666668,93.44702040828753,206
1.7063492065555557,93.45638775523825,207
1.7062222224444445,93.46575510218898,208
1.7060952383333334,93.47512244913969,209
1.7059682542222223,93.48448979609041,210
1.7058412701111112,93.49385714304114,211
1.705714286,93.50501587331286,212
1.7062857145625,93.51958730188012,213
1.7068571431250001,93.53415873044739,214
1.7074285716875,93.54873015901465,215
1.70800000025,93.56330158758192,216
1.7085714288125,93.57787301614918,217
1.709142857375,93.59244444471645,218
1.7097142859375,93.60701587328371,219
1.7102857144999999,93.62158730185098,220
1.7108571430625,93.63615873041824,221
1.711428571625,93.65073015898551,222
1.7120000001875,93.66530158755278,223
1.71257142875,93.67987301612004,224
1.7131428573125,93.6944444446873,225
1.7137142858749999,93.70901587325457,226
1.7142857144374999,93.72358730182184,227
1.714857143,93.7381587303891,228
1.7131428572499998,93.75273015895637,229
1.7114285715,93.76730158752363,230
1.70971428575,93.7818730160909,231
1.708,93.79644444465816,232
1.7062857142499999,93.81101587322543,233
1.7045714285,93.8255873017927,234
1.70285714275,93.84015873035996,235
1.701142857,93.85473015892723,236
1.69942857125,93.86930158749449,237
1.6977142855,93.88387301606176,238
1.6959999997500002,93.89844444462902,239
1.694285714,93.90937142871772,240
1.6945904759333335,93.9198628573045,241
1.6948952378666666,93.93035428589127,242
1.6951999998,93.94084571447804,243
1.6955047617333334,93.95133714306482,244
1.6958095236666666,93.9618285716516,245
1.6961142856,93.97232000023837,246
1.6964190475333334,93.98281142882514,247
1.6967238094666666,93.99330285741192,248
1.6970285714,94.0037942859987,249
1.6973333333333334,94.01428571458547,250
1.6976380952666665,94.02477714317224,251
1.6979428572,94.03526857175902,252
1.6982476191333333,94.0457600003458,253
1.6985523810666665,94.05625142893257,254
1.698857143,94.06674285751934,255
1.6991836735714285,94.07723428610612,256
1.6995102041428571,94.0877257146929,257
1.6998367347142855,94.09821714327967,258
1.7001632652857142,94.12073469488386,259
1.7004897958571428,94.14571428671347,260
1.7008163264285714,94.17069387854306,261
1.7011428569999998,94.19567347037265,262
1.7014693875714284,94.22065306220226,263
1.701795918142857,94.24563265403185,264
1.7021224487142856,94.27061224586146,265
1.7024489792857143,94.29559183769105,266
1.7027755098571427,94.32057142952065,267
1.7031020404285713,94.34555102135025,268
1.703428571,94.37053061317985,269
1.705028571,94.39551020500944,270
1.706628571,94.42048979683905,271
1.7082285709999998,94.44546938866864,272
1.7098285709999999,94.47044898049823,273
1.711428571,94.49542857232784,274
1.713028571,94.50974026012734,275
1.714628571,94.52166233799863,276
1.7162285709999998,94.53358441586992,277
1.7178285709999999,94.54550649374121,278
1.719428571,94.55742857161252,279
1.7196691725263158,94.56935064948381,280
1.7199097740526315,94.5812727273551,281
1.7201503755789473,94.59319480522639,282
1.720390977105263,94.60511688309768,283
1.720631578631579,94.61703896096898,284
1.7208721801578946,94.62896103884027,285
1.7211127816842104,94.64088311671156,286
1.7213533832105263,94.65280519458285,287
1.721593984736842,94.66472727245416,288
1.7218345862631579,94.67664935032545,289
1.7220751877894735,94.68857142819674,290
1.7223157893157894,94.7,291
1.7225563908421053,94.7,292
1.722796992368421,94.7,293
1.7230375938947369,94.7,294
1.7232781954210525,94.7,295
1.7235187969473684,94.7,296
1.723759398473684,94.7,297
1.724,94.7,298
1.7237460317407407,94.7,299
1.7234920634814814,94.7,300
1.7232380952222222,94.7,301
1.7229841269629629,94.7,302
1.7227301587037036,94.7,303
1.7224761904444443,94.7,304
1.7222222221851853,94.7,305
1.721968253925926,94.7,306
1.7217142856666667,94.7,307
1.7214603174074075,94.7,308
1.7212063491481482,94.7,309
1.720952380888889,94.7,310
1.7206984126296296,94.7,311
1.7204444443703704,94.7,312
1.720190476111111,94.7,313
1.7199365078518518,94.7,314
1.7196825395925925,94.7,315
1.7194285713333333,94.7,316
1.719174603074074,94.68523809591062,317
1.7189206348148147,94.66842490904571,318
1.7186666665555557,94.65161172218079,319
1.7184126982962964,94.63479853531587,320
1.7181587300370371,94.61798534845094,321
1.7179047617777778,94.60117216158602,322
1.7176507935185186,94.58435897472111,323
1.7173968252592593,94.56754578785619,324
1.717142857,94.55073260099127,325
1.718920634777778,94.53391941412634,326
1.7206984125555556,94.51710622726142,327
1.7224761903333334,94.50029304039651,328
1.724253968111111,94.48347985353159,329
1.726031745888889,94.46666666666667,330
1.7278095236666666,94.44985347980175,331
1.7295873014444445,94.43304029293682,332
1.7313650792222222,94.41622710607191,333
1.733142857,94.39941391920699,334
1.7326857142,94.38260073234207,335
1.7322285714,94.36578754547715,336
1.7317714286,94.34897435861222,337
1.7313142858000001,94.33216117174732,338
1.7308571430000002,94.3153479848824,339
1.7304000002,94.29853479801747,340
1.7299428574,94.28172161115255,341
1.7294857146,94.26490842428764,342
1.7290285718,94.24809523742272,343
1.728571429,94.2312820505578,344
1.728705882764706,94.21446886369287,345
1.7288403365294118,94.20228571508507,346
1.7289747902941177,94.21867857222324,347
1.7291092440588236,94.23507142936141,348
1.7292436978235295,94.25146428649958,349
1.7293781515882354,94.26785714363776,350
1.7295126053529413,94.28425000077593,351
1.7296470591176472,94.3006428579141,352
1.7297815128823528,94.31703571505227,353
1.7299159666470587,94.33342857219046,354
1.7300504204117646,94.34982142932863,355
1.7301848741764705,94.3662142864668,356
1.7303193279411764,94.38260714360497,357
1.7304537817058823,94.39900000074314,358
1.7305882354705882,94.41539285788132,359
1.730722689235294,94.43178571501949,360
1.730857143,94.44817857215766,361
1.7313142858666666,94.46457142929583,362
1.7317714287333332,94.48096428643402,363
1.7322285715999999,94.49735714357219,364
1.7326857144666667,94.52911764848824,365
1.7331428573333334,94.56383193410333,366
1.7336000002,94.59854621971844,367
1.7340571430666667,94.63326050533354,368
1.7345142859333333,94.66797479094865,369
1.7349714288,94.70268907656374,370
1.7354285716666666,94.73740336217885,371
1.7358857145333333,94.77211764779395,372
1.7363428574000002,94.80683193340906,373
1.7368000002666668,94.84154621902415,374
1.7372571431333335,94.87626050463926,375
1.737714286,94.91097479025436,376
1.7378095240833333,94.94568907586947,377
1.7379047621666668,94.98040336148456,378
1.73800000025,95.01511764709967,379
1.7380952383333335,95.04983193271477,380
1.7381904764166667,95.08454621832988,381
1.7382857145000001,95.11926050394497,382
1.7383809525833334,95.15397478956008,383
1.7384761906666668,95.18868907517518,384
1.73857142875,95.22340336079029,385
1.7386666668333335,95.25811764640538,386
1.7387619049166667,95.29283193202049,387
1.7388571430000002,95.32754621763559,388
1.7389523810833334,95.3622605032507,389
1.7390476191666666,95.39697478886579,390
1.73914285725,95.4266031737067,391
1.7392380953333333,95.45574603084123,392
1.7393333334166667,95.48488888797576,393
1.7394285715,95.51403174511029,394
1.7395238095833334,95.54317460224482,395
1.7396190476666666,95.57231745937933,396
1.73971428575,95.60146031651387,397
1.7398095238333333,95.6306031736484,398
1.7399047619166668,95.65974603078293,399
1.74,95.68888888791746,400
1.7420952380833334,95.71803174505199,401
1.7441904761666667,95.74717460218652,402
1.74628571425,95.77631745932105,403
1.7483809523333333,95.80546031645558,404
1.7504761904166668,95.83460317359011,405
1.7525714285,95.86374603072464,406
1.7546666665833333,95.89288888785917,407
1.7567619046666667,95.9220317449937,408
1.7588571427500002,95.95117460212823,409
1.7609523808333334,95.98031745926276,410
1.7630476189166666,96.00425714238344,411
1.765142857,96.0173714281083,412
1.7644334974137932,96.03048571383317,413
1.7637241378275863,96.04359999955805,414
1.7630147782413794,96.05671428528292,415
1.7623054186551725,96.06982857100779,416
1.7615960590689657,96.08294285673266,417
1.7608866994827588,96.09605714245754,418
1.760177339896552,96.1091714281824,419
1.7594679803103448,96.12228571390727,420
1.758758620724138,96.13539999963214,421
1.758049261137931,96.14851428535702,422
1.7573399015517241,96.16162857108189,423
1.7566305419655173,96.17474285680676,424
1.7559211823793104,96.18785714253163,425
1.7552118227931035,96.2009714282565,426
1.7545024632068966,96.21408571398138,427
1.7537931036206897,96.22719999970624,428
1.7530837440344829,96.24031428543111,429
1.752374384448276,96.25342857115598,430
1.751665024862069,96.26654285688086,431
1.7509556652758622,96.27965714260573,432
1.7502463056896553,96.2927714283306,433
1.7495369461034482,96.30588571405546,434
1.7488275865172414,96.31899999978035,435
1.7481182269310345,96.33211428550521,436
1.7474088673448276,96.34522857123008,437
1.7466995077586207,96.35834285695495,438
1.7459901481724138,96.37145714267983,439
1.745280788586207,96.3845714284047,440
1.744571429,96.39768571412957,441
1.744705882764706,96.43135483829701,442
1.7448403365294118,96.46942857105871,443
1.7449747902941177,96.50750230382042,444
1.7451092440588236,96.54557603658212,445
1.7452436978235295,96.58364976934384,446
1.7453781515882354,96.62172350210554,447
1.7455126053529413,96.65979723486724,448
1.7456470591176472,96.69787096762894,449
1.7457815128823528,96.73594470039065,450
1.7459159666470587,96.77401843315235,451
1.7460504204117646,96.81209216591405,452
1.7461848741764705,96.85016589867577,453
1.7463193279411764,96.88823963143747,454
1.7464537817058823,96.92631336419917,455
1.7465882354705882,96.96438709696088,456
1.746722689235294,97.00246082972258,457
1.746857143,97.04053456248428,458
1.7483809525,97.07860829524599,459
1.749904762,97.1166820280077,460
1.7514285715,97.1547557607694,461
1.752952381,97.19282949353111,462
1.7544761905,97.23090322629281,463
1.756,97.26897695905451,464
1.7575238095,97.30560439604172,465
1.759047619,97.33586813224592,466
1.7605714285,97.36613186845014,467
1.7620952380000001,97.39639560465434,468
1.7636190475,97.42665934085855,469
1.765142857,97.45692307706275,470
1.7662857142000001,97.48718681326696,471
1.7674285714,97.51745054947116,472
1.7685714286,97.54771428567537,473
1.7697142858000001,97.57797802187959,474
1.7708571430000002,97.60824175808379,475
1.7720000002,97.638505494288,476
1.7731428574,97.6687692304922,477
1.7742857146000002,97.69903296669641,478
1.7754285718,97.72929670290061,479
1.776571429,97.75956043910482,480
1.7756571432666668,97.78982417530904,481
1.7747428575333335,97.82008791151324,482
1.7738285718,97.85035164771745,483
1.7729142860666667,97.88061538392165,484
1.7720000003333334,97.90294642838043,485
1.7710857146,97.9111428569719,486
1.7701714288666668,97.91933928556338,487
1.7692571431333333,97.92753571415487,488
1.7683428574,97.93573214274635,489
1.7674285716666667,97.94392857133784,490
1.7665142859333334,97.95212499992931,491
1.7656000002,97.96032142852079,492
1.7646857144666666,97.96851785711227,493
1.7637714287333333,97.97671428570375,494
1.762857143,97.98491071429522,495
1.76262857155,97.99310714288671,496
1.7624000001,98.00130357147819,497
1.7621714286499999,98.00950000006966,498
1.7619428572,98.01769642866115,499
1.76171428575,98.02589285725263,500
1.7614857143,98.0340892858441,501
1.76125714285,98.0422857144356,502
1.7610285714,98.05048214302707,503
1.7607999999500001,98.05867857161854,504
1.7605714285,98.06687500021003,505
1.76034285705,98.07507142880151,506
1.7601142856,98.083267857393,507
1.7598857141500002,98.09146428598447,508
1.7596571427,98.09966071457595,509
1.75942857125,98.13697479118007,510
1.7591999998,98.17554621964129,511
1.7589714283500002,98.21411764810252,512
1.7587428569,98.25268907656374,513
1.75851428545,98.29126050502497,514
1.758285714,98.32983193348619,515
1.7576761902000002,98.36840336194741,516
1.7570666664,98.40697479040864,517
1.7564571426000002,98.44554621886986,518
1.7558476188,98.48411764733109,519
1.7552380950000002,98.52268907579231,520
1.7546285712,98.56126050425354,521
1.7540190474000001,98.59983193271476,522
1.7534095236,98.61224107138959,523
1.7527999998000001,98.62453571422643,524
1.752190476,98.63683035706326,525
1.7515809522,98.6491249999001,526
1.7509714284,98.66141964273693,527
1.7503619046,98.67371428557377,528
1.7497523808,98.6860089284106,529
1.749142857,98.69830357124744,530
1.7496326529285715,98.71059821408427,531
1.750122448857143,98.7228928569211,532
1.7506122447857144,98.73518749975794,533
1.7511020407142857,98.74748214259478,534
1.7515918366428571,98.75977678543161,535
1.7520816325714286,98.77207142826845,536
1.7525714285,98.78436607110528,537
1.7530612244285715,98.79666071394213,538
1.753551020357143,98.80895535677897,539
1.7540408162857144,98.8212499996158,540
1.7545306122142856,98.83354464245264,541
1.755020408142857,98.84583928528947,542
1.7555102040714285,98.8581339281263,543
1.756,98.87042857096314,544
1.75676190475,98.88272321379998,545
1.7575238095,98.89501785663681,546
1.75828571425,98.918571427318,547
1.759047619,98.9497959172025,548
1.75980952375,98.98102040708699,549
1.7605714285,99.01224489697148,550
1.76133333325,99.04346938685597,551
1.7620952380000001,99.07469387674047,552
1.7628571427500002,99.10591836662496,553
1.7636190475,99.13714285650946,554
1.76438095225,99.16836734639395,555
1.765142857,99.19959183627844,556
1.7656507935555557,99.23081632616294,557
1.7661587301111112,99.26204081604743,558
1.7666666666666666,99.29326530593193,559
1.7671746032222222,99.32448979581642,560
1.7676825397777778,99.35571428570091,561
1.7681904763333334,99.3869387755854,562
1.7686984128888887,99.4181632654699,563
1.7692063494444443,99.4493877553544,564
1.769714286,99.48061224523889,565
1.7715102043571427,99.51183673512338,566
1.7733061227142857,99.54306122500788,567
1.7751020410714284,99.57428571489237,568
1.7768979594285714,99.60551020477686,569
1.7786938777857142,99.63673469466136,570
1.7804897961428572,99.66795918454585,571
1.7822857145,99.69918367443034,572
1.7840816328571427,99.73040816431484,573
1.7858775512142857,99.76163265419933,574
1.7876734695714285,99.79285714408383,575
1.7894693879285715,99.82408163396832,576
1.7912653062857142,99.85530612385281,577
1.7930612246428572,99.8865306137373,578
1.794857143,99.91720879257167,579
1.7969904763333333,99.94747252862322,580
1.7991238096666666,99.97773626467477,581
1.801257143,100.00800000072634,582
1.8033904763333333,100.03826373677789,583
1.8055238096666666,100.06852747282944,584
1.807657143,100.09879120888101,585
1.8097904763333332,100.12905494493256,586
1.8119238096666668,100.15931868098413,587
1.814057143,100.18958241703568,588
1.8161904763333334,100.22457142785845,589
1.8183238096666667,100.26204081569644,590
1.820457143,100.29951020353442,591
1.8225904763333334,100.33697959137243,592
1.8247238096666667,100.37444897921041,593
1.826857143,100.41191836704841,594
1.8289904763333333,100.4493877548864,595
1.8311238096666667,100.4868571427244,596
1.833257143,100.52432653056239,597
1.8353904763333333,100.56179591840038,598
1.8375238096666666,100.59926530623838,599
1.839657143,100.63673469407637,600
1.8417904763333333,100.67420408191437,601
1.8439238096666668,100.71167346975236,602
1.8460571430000001,100.74914285759036,603
1.8481904763333334,100.78661224542834,604
1.8503238096666668,100.82408163326635,605
1.852457143,100.86155102110433,606
1.8545904763333334,100.89902040894232,607
1.8567238096666667,100.93648979678032,608
1.858857143,100.97395918461831,609
1.8596190477666668,101.01142857245631,610
1.8603809525333335,101.0488979602943,611
1.8611428573,101.0863673481323,612
1.8619047620666667,101.12383673597029,613
1.8626666668333334,101.16130612380827,614
1.8634285716,101.19877551164628,615
1.8641904763666668,101.1961558440037,616
1.8649523811333333,101.1921818180308,617
1.8657142859,101.18820779205792,618
1.8664761906666667,101.18423376608503,619
1.8672380954333334,101.18025974011213,620
1.8680000002000001,101.17628571413924,621
1.8687619049666666,101.17231168816636,622
1.8695238097333333,101.16833766219347,623
1.8702857145,101.16436363622057,624
1.8710476192666667,101.16038961024768,625
1.8718095240333334,101.1564155842748,626
1.8725714288,101.1524415583019,627
1.8733333335666666,101.14846753232901,628
1.8740952383333334,101.14449350635611,629
1.8748571431,101.14051948038323,630
1.8756190478666668,101.13654545441034,631
1.8763809526333333,101.13257142843744,632
1.8771428574,101.12859740246455,633
1.8779047621666667,101.12462337649167,634
1.8786666669333334,101.12064935051878,635
1.8794285717,101.11667532454588,636
1.8801904764666666,101.11270129857299,637
1.8809523812333333,101.1087272726001,638
1.881714286,101.10475324662721,639
1.8838961041818183,101.10077922065432,640
1.8860779223636364,101.09722556380548,641
1.8882597405454546,101.0937744359909,642
1.8904415587272727,101.0903233081763,643
1.892623376909091,101.08687218036171,644
1.894805195090909,101.08342105254711,645
1.8969870132727273,101.07996992473252,646
1.8991688314545454,101.07651879691792,647
1.9013506496363637,101.07306766910334,648
1.9035324678181818,101.06961654128874,649
1.905714286,101.06616541347415,650
1.9078961041818183,101.06271428565955,651
1.9100779223636364,101.05926315784497,652
1.9122597405454547,101.05581203003037,653
1.9144415587272727,101.05236090221578,654
1.916623376909091,101.04890977440118,655
1.918805195090909,101.0454586465866,656
1.9209870132727274,101.042007518772,657
1.9231688314545454,101.03855639095741,658
1.9253506496363637,101.03510526314281,659
1.9275324678181818,101.03165413532822,660
1.929714286,101.02820300751362,661
1.931314286,101.02475187969904,662
1.9329142860000001,101.02130075188445,663
1.934514286,101.01784962406985,664
1.936114286,101.01439849625527,665
1.937714286,101.01094736844067,666
1.939314286,101.00749624062608,667
1.9409142860000002,101.00404511281148,668
1.942514286,101.0005939849969,669
1.944114286,101.12666666506381,670
1.945714286,101.2796666650201,671
1.9473142860000001,101.43266666497638,672
1.9489142860000002,101.58566666493266,673
1.950514286,101.7077333329778,674
1.952114286,101.73833333296905,675
1.953714286,101.7689333329603,676
1.9553142860000001,101.79953333295157,677
1.9569142860000002,101.83013333294282,678
1.958514286,101.86073333293407,679
1.960114286,101.89133333292534,680
1.961714286,101.9219333329166,681
1.965777778,101.95253333290785,682
1.96984127,101.9831333328991,683
1.973904762,102.01373333289037,684
1.977968254,102.04433333288162,685
1.982031746,102.07493333287287,686
1.986095238,102.10553333286414,687
1.99015873,102.1361333328554,688
1.994222222,102.16673333284665,689
1.998285714,102.19733333283791,690
2.0038730156666666,102.22793333282917,691
2.009460317333333,102.25853333282042,692
2.015047619,102.28913333281169,693
2.0206349206666667,102.31973333280294,694
2.0262222223333333,102.3503333327942,695
2.031809524,102.38093333278545,696
2.037396825666667,102.4200803562286,697
2.0429841273333333,102.47335714207321,698
2.048571429,102.52663392791784,699
2.0524705886470587,102.57991071376246,700
2.0563697482941174,102.63318749960709,701
2.0602689079411762,102.6864642854517,702
2.064168067588235,102.73974107129634,703
2.0680672272352942,102.79301785714095,704
2.071966386882353,102.84629464298558,705
2.075865546529412,102.8995714288302,706
2.0797647061764706,102.95284821467483,707
2.0836638658235294,103.00612500051945,708
2.087563025470588,103.05940178636408,709
2.091462185117647,103.1126785722087,710
2.0953613447647057,103.16595535805332,711
2.099260504411765,103.21923214389794,712
2.1031596640588237,103.27250892974257,713
2.1070588237058825,103.32578571558719,714
2.1109579833529413,103.37906250143182,715
2.114857143,103.43233928727643,716
2.1204444445555555,103.48561607312107,717
2.1260317461111113,103.53889285896568,718
2.1316190476666668,103.59216964481031,719
2.137206349222222,103.64544643065493,720
2.142793650777778,103.69872321649956,721
2.1483809523333335,103.86290909716058,722
2.153968253888889,104.02981818735869,723
2.1595555554444448,104.19672727755679,724
2.165142857,104.36363636775489,725
2.1765714284285718,104.530545457953,726
2.187999999857143,104.69745454815109,727
2.1994285712857145,104.86436363834919,728
2.2108571427142856,105.0312727285473,729
2.222285714142857,105.12142857163673,730
2.2337142855714283,105.1578571430549,731
2.245142857,105.19428571447305,732
2.2495510202857143,105.23071428589122,733
2.2539591835714283,105.26714285730938,734
2.258367346857143,105.30357142872755,735
2.2627755101428573,105.34000000014571,736
2.2671836734285713,105.37642857156388,737
2.2715918367142858,105.41285714298203,738
2.276,105.4492857144002,739
2.2804081632857143,105.48571428581836,740
2.2848163265714287,105.52214285723653,741
2.2892244898571428,105.55857142865469,742
2.2936326531428572,105.59500000007286,743
2.2980408164285717,105.63142857149101,744
2.3024489797142857,105.66785714290918,745
2.306857143,105.70428571432734,746
2.3172467533636367,105.7407142857455,747
2.327636363727273,105.77714285716367,748
2.3380259740909093,105.81357142858184,749
2.348415584454546,105.85,750
2.358805194818182,105.88642857141815,751
2.3691948051818184,105.92285714283632,752
2.3795844155454544,105.95928571425449,753
2.389974025909091,105.99571428567265,754
2.4003636362727274,106.0321428570908,755
2.4107532466363635,106.06857142850897,756
2.421142857,106.11799999966618,757
2.4302857141666667,106.2491428562504,758
2.4394285713333335,106.38028571283462,759
2.4485714285,106.51142856941885,760
2.4577142856666665,106.64257142600307,761
2.4668571428333332,106.77371428258729,762
2.476,106.90485713917153,763
2.482153846153846,107.03599999575574,764
2.4883076923076923,107.16714285233996,765
2.4944615384615383,107.26804395283135,766
2.5006153846153847,107.35883516190191,767
2.5067692307692306,107.44962637097248,768
2.512923076923077,107.54041758004304,769
2.519076923076923,107.63120878911361,770
2.5252307692307694,107.72199999818417,771
2.5313846153846153,107.81279120725473,772
2.5375384615384617,107.9035824163253,773
2.5436923076923077,107.99437362539587,774
2.549846153846154,108.08516483446644,775
2.556,108.20971428474007,776
2.5615510204285714,108.34085714184546,777
2.5671020408571428,108.47199999895085,778
2.572653061285714,108.60314285605624,779
2.578204081714286,108.73428571316163,780
2.5837551021428573,108.86542857026701,781
2.5893061225714287,108.9965714273724,782
2.594857143,109.12771428447779,783
2.6050158731111113,109.25885714158318,784
2.615174603222222,109.38999999868857,785
2.6253333333333333,109.52114285579395,786
2.6354920634444445,109.65228571289934,787
2.6456507935555553,109.78342857000473,788
2.6558095236666666,109.91457142711012,789
2.665968253777778,110.0457142842155,790
2.6761269838888886,110.1768571413209,791
